{
    "loss": [
        0.879273533821106,
        0.3844066560268402,
        0.27428489923477173,
        0.22530527412891388,
        0.20017214119434357,
        0.1808171272277832,
        0.16628029942512512,
        0.1543462723493576,
        0.1442655324935913,
        0.13605757057666779,
        0.12765780091285706,
        0.12177368253469467,
        0.11663715541362762,
        0.1112215593457222,
        0.10600302368402481,
        0.1017986536026001,
        0.09892139583826065,
        0.09542171657085419,
        0.09226690232753754,
        0.0888514518737793,
        0.08619821071624756,
        0.0832306519150734,
        0.0808904841542244,
        0.0789831355214119,
        0.07582233101129532,
        0.07418231666088104,
        0.07249695807695389,
        0.07066626846790314,
        0.06809507310390472,
        0.06660084426403046
    ],
    "accuracy": [
        0.5669208765029907,
        0.8362743258476257,
        0.8903309106826782,
        0.9099483489990234,
        0.9196192622184753,
        0.9270923137664795,
        0.9324936866760254,
        0.9367251992225647,
        0.940573513507843,
        0.9438281059265137,
        0.9469713568687439,
        0.9488528370857239,
        0.9512009620666504,
        0.9532958269119263,
        0.955140233039856,
        0.956337034702301,
        0.9581591486930847,
        0.9593958258628845,
        0.9606037735939026,
        0.9617143273353577,
        0.9626244306564331,
        0.9638286828994751,
        0.9646599292755127,
        0.9657333493232727,
        0.9667251110076904,
        0.9673318862915039,
        0.9678402543067932,
        0.9686762094497681,
        0.9694044589996338,
        0.9698933959007263
    ],
    "val_loss": [
        0.7033015489578247,
        0.5111189484596252,
        0.4314108192920685,
        0.381813645362854,
        0.35491085052490234,
        0.3366062641143799,
        0.3063792586326599,
        0.28907132148742676,
        0.2790830433368683,
        0.26597875356674194,
        0.24632467329502106,
        0.24255426228046417,
        0.23473389446735382,
        0.2250371128320694,
        0.2235560268163681,
        0.21188607811927795,
        0.20167367160320282,
        0.19996610283851624,
        0.1952918916940689,
        0.18591924011707306,
        0.18051426112651825,
        0.1782567948102951,
        0.171773761510849,
        0.16672958433628082,
        0.16140088438987732,
        0.16468189656734467,
        0.15589924156665802,
        0.14913976192474365,
        0.1486438810825348,
        0.15584751963615417
    ],
    "val_accuracy": [
        0.7278695702552795,
        0.868736982345581,
        0.894035816192627,
        0.9053584933280945,
        0.9132781028747559,
        0.9151521921157837,
        0.9225893616676331,
        0.9270130395889282,
        0.9284788966178894,
        0.9323941469192505,
        0.9364393353462219,
        0.9363799095153809,
        0.9363502264022827,
        0.9393117427825928,
        0.9384507536888123,
        0.9409297704696655,
        0.9445926547050476,
        0.9435832500457764,
        0.9433754086494446,
        0.9466931819915771,
        0.9495545029640198,
        0.9486972093582153,
        0.9499219059944153,
        0.9511057138442993,
        0.9525864720344543,
        0.9506604075431824,
        0.9527349472045898,
        0.9548280239105225,
        0.9548540115356445,
        0.9506529569625854
    ]
}