{
    "loss": [
        0.4826246201992035,
        0.25772377848625183,
        0.21327972412109375,
        0.18966266512870789,
        0.17375266551971436,
        0.16146965324878693,
        0.1515834629535675,
        0.14423581957817078,
        0.13783594965934753,
        0.13229943811893463,
        0.12708596885204315,
        0.1227964237332344,
        0.11893348395824432,
        0.11544664204120636,
        0.1122964471578598,
        0.10890001058578491,
        0.1068112850189209,
        0.10402682423591614,
        0.10115952789783478,
        0.09929224848747253,
        0.09711679071187973,
        0.09529034793376923,
        0.09315945953130722,
        0.09106042981147766,
        0.08966466039419174,
        0.0880608782172203,
        0.08664197474718094,
        0.08501744270324707,
        0.08345977216959,
        0.08228889107704163
    ],
    "accuracy": [
        0.6093369126319885,
        0.8433011174201965,
        0.8737658262252808,
        0.8888456225395203,
        0.8988671898841858,
        0.9059895873069763,
        0.911827027797699,
        0.9163906574249268,
        0.9203688502311707,
        0.9236104488372803,
        0.9265820384025574,
        0.9290591478347778,
        0.9314091801643372,
        0.9333184957504272,
        0.9348214268684387,
        0.9368912577629089,
        0.9381669163703918,
        0.9394880533218384,
        0.9409937858581543,
        0.9421098828315735,
        0.9433289766311646,
        0.9444534182548523,
        0.945192813873291,
        0.9466419816017151,
        0.9473127722740173,
        0.9481226801872253,
        0.9487146139144897,
        0.9495198726654053,
        0.9503177404403687,
        0.950872540473938
    ],
    "val_loss": [
        0.3551436960697174,
        0.2854778468608856,
        0.2491331249475479,
        0.22988079488277435,
        0.21318300068378448,
        0.20130468904972076,
        0.19016261398792267,
        0.1813647747039795,
        0.17590980231761932,
        0.17632532119750977,
        0.16466617584228516,
        0.16250473260879517,
        0.1566987931728363,
        0.15157514810562134,
        0.15457932651042938,
        0.1479361206293106,
        0.14762131869792938,
        0.14361616969108582,
        0.14224791526794434,
        0.1405111402273178,
        0.1398288607597351,
        0.1378287971019745,
        0.13367809355258942,
        0.13114313781261444,
        0.12716378271579742,
        0.12906360626220703,
        0.12820152938365936,
        0.1279142051935196,
        0.12322642654180527,
        0.1217457503080368
    ],
    "val_accuracy": [
        0.859488844871521,
        0.8915048241615295,
        0.9023710489273071,
        0.9072660207748413,
        0.911841869354248,
        0.9145324230194092,
        0.917928159236908,
        0.9204368591308594,
        0.9221291542053223,
        0.9196909070014954,
        0.925005316734314,
        0.9254469275474548,
        0.9272764921188354,
        0.928367555141449,
        0.9243966341018677,
        0.9276513457298279,
        0.9277812242507935,
        0.9288462996482849,
        0.9277626872062683,
        0.9279667735099792,
        0.927655041217804,
        0.9281041026115417,
        0.9297778010368347,
        0.9313216209411621,
        0.9331734776496887,
        0.9310804009437561,
        0.9306499361991882,
        0.9299262762069702,
        0.9321269392967224,
        0.9329063296318054
    ]
}