{
    "loss": [
        0.28735336661338806,
        0.11854908615350723,
        0.09431152790784836,
        0.08128875494003296,
        0.0722619965672493,
        0.06538864225149155,
        0.06032481789588928,
        0.055999863892793655,
        0.052016422152519226,
        0.04902847856283188,
        0.046220168471336365,
        0.04361423850059509,
        0.041110653430223465,
        0.03904540091753006,
        0.03723921254277229,
        0.0353875532746315,
        0.03389419615268707,
        0.032265231013298035,
        0.031045686453580856,
        0.029412435367703438,
        0.028570229187607765,
        0.02723776549100876,
        0.026217840611934662,
        0.02529536373913288,
        0.024405261501669884,
        0.023311283439397812,
        0.022428054362535477,
        0.021635375916957855,
        0.0206820797175169,
        0.02002415992319584
    ],
    "accuracy": [
        0.8589199185371399,
        0.9559937715530396,
        0.9654067754745483,
        0.9701717495918274,
        0.9735478162765503,
        0.9761492609977722,
        0.9781652688980103,
        0.9795643091201782,
        0.9809207320213318,
        0.981859564781189,
        0.9829877614974976,
        0.9837791323661804,
        0.9847254157066345,
        0.9854741096496582,
        0.9860994219779968,
        0.9867970943450928,
        0.9872238636016846,
        0.9878937005996704,
        0.9883511066436768,
        0.9889170527458191,
        0.9891619682312012,
        0.9896332621574402,
        0.9901305437088013,
        0.9904515147209167,
        0.9908133745193481,
        0.9911260008811951,
        0.9915574193000793,
        0.9918023347854614,
        0.9922412037849426,
        0.9924619793891907
    ],
    "val_loss": [
        0.1969394087791443,
        0.15290607511997223,
        0.12876158952713013,
        0.1181245893239975,
        0.1084231436252594,
        0.10348208993673325,
        0.09895240515470505,
        0.09369636327028275,
        0.08997608721256256,
        0.0841970443725586,
        0.08112151175737381,
        0.07866617292165756,
        0.07725361734628677,
        0.07397463172674179,
        0.07251438498497009,
        0.06923619657754898,
        0.07029058039188385,
        0.06809501349925995,
        0.06763266026973724,
        0.06765609979629517,
        0.06442754715681076,
        0.0666436180472374,
        0.06501050293445587,
        0.06487243622541428,
        0.06448210030794144,
        0.0634247213602066,
        0.06381416320800781,
        0.062278687953948975,
        0.06324034929275513,
        0.06394162774085999
    ],
    "val_accuracy": [
        0.9520928859710693,
        0.9628403782844543,
        0.9691975116729736,
        0.9704148173332214,
        0.9720291495323181,
        0.9726192355155945,
        0.9727268218994141,
        0.9736583232879639,
        0.9739700555801392,
        0.9747531414031982,
        0.9752764105796814,
        0.9750759601593018,
        0.9747233986854553,
        0.9761002659797668,
        0.975877583026886,
        0.9782713055610657,
        0.9760482907295227,
        0.9764936566352844,
        0.9781933426856995,
        0.9761670827865601,
        0.9791433811187744,
        0.9765233397483826,
        0.9784642457962036,
        0.9786164164543152,
        0.9788427948951721,
        0.9791470766067505,
        0.9790357947349548,
        0.9796109795570374,
        0.9792250394821167,
        0.9792213439941406
    ]
}