{
    "loss": [
        1.5085636377334595,
        1.0126237869262695,
        0.7289257049560547,
        0.6026018857955933,
        0.5275830030441284,
        0.4750159680843353,
        0.4367024302482605,
        0.4050719738006592,
        0.3821277618408203,
        0.36265355348587036,
        0.3435305953025818,
        0.32738855481147766,
        0.31481683254241943,
        0.30195462703704834,
        0.2908460795879364,
        0.28105658292770386,
        0.27181974053382874,
        0.2619720697402954,
        0.2545311450958252,
        0.24715766310691833,
        0.24010241031646729,
        0.23176507651805878,
        0.22720809280872345,
        0.22022391855716705,
        0.21582506597042084,
        0.21022535860538483,
        0.2055874913930893,
        0.2008979320526123,
        0.1958964765071869,
        0.19150786101818085
    ],
    "accuracy": [
        0.276601105928421,
        0.5583392977714539,
        0.702499508857727,
        0.7573590278625488,
        0.7856314778327942,
        0.8007381558418274,
        0.8121333718299866,
        0.8215938806533813,
        0.8285367488861084,
        0.8350796103477478,
        0.8418198823928833,
        0.8472395539283752,
        0.8516814708709717,
        0.8570232391357422,
        0.8600904941558838,
        0.8638798594474792,
        0.8673024773597717,
        0.8697785139083862,
        0.8737643361091614,
        0.876228928565979,
        0.8788514733314514,
        0.8815654516220093,
        0.8831666111946106,
        0.8856863379478455,
        0.8878007531166077,
        0.8892824649810791,
        0.8913677930831909,
        0.8925991058349609,
        0.8944766521453857,
        0.8965786099433899
    ],
    "val_loss": [
        1.376724123954773,
        1.0519905090332031,
        0.8997636437416077,
        0.809795081615448,
        0.7455727458000183,
        0.680706262588501,
        0.6390252113342285,
        0.6135333776473999,
        0.5952959060668945,
        0.5642474293708801,
        0.5470767021179199,
        0.5233103632926941,
        0.5245397090911865,
        0.49627208709716797,
        0.49966222047805786,
        0.4884352684020996,
        0.46415773034095764,
        0.45890021324157715,
        0.45403653383255005,
        0.44778764247894287,
        0.4300156235694885,
        0.4210653603076935,
        0.4248594343662262,
        0.40975096821784973,
        0.41315019130706787,
        0.39441776275634766,
        0.4053533673286438,
        0.3990265727043152,
        0.3816734254360199,
        0.37656888365745544
    ],
    "val_accuracy": [
        0.4204773008823395,
        0.7120383381843567,
        0.7988595366477966,
        0.824869692325592,
        0.8351066708564758,
        0.8464991450309753,
        0.8535856604576111,
        0.8554601669311523,
        0.8544459939002991,
        0.8617112636566162,
        0.8635026216506958,
        0.8678251504898071,
        0.8666572570800781,
        0.8755226731300354,
        0.8738892078399658,
        0.8725218176841736,
        0.8810796141624451,
        0.8802525401115417,
        0.8812541961669922,
        0.8794212937355042,
        0.8857721090316772,
        0.8853065967559814,
        0.881462037563324,
        0.8848743438720703,
        0.8842841386795044,
        0.8904895186424255,
        0.8838726878166199,
        0.8821603059768677,
        0.8917073011398315,
        0.8923848271369934
    ]
}