{
    "loss": [
        0.8679594993591309,
        0.42751339077949524,
        0.3290324807167053,
        0.2797790467739105,
        0.24614636600017548,
        0.22299844026565552,
        0.2059747576713562,
        0.19107991456985474,
        0.18046894669532776,
        0.17037762701511383,
        0.16290995478630066,
        0.15584947168827057,
        0.14885711669921875,
        0.14308255910873413,
        0.1386280059814453,
        0.13339343667030334,
        0.12879526615142822,
        0.12541285157203674,
        0.12115558981895447,
        0.11804168671369553,
        0.11410372704267502,
        0.11139725893735886,
        0.10825538635253906,
        0.10620979964733124,
        0.10276912897825241,
        0.10078014433383942,
        0.09882496297359467,
        0.09632653743028641,
        0.09404271095991135,
        0.09204618632793427
    ],
    "accuracy": [
        0.5645517110824585,
        0.8205974102020264,
        0.8667684197425842,
        0.8845319151878357,
        0.8963178396224976,
        0.9051393270492554,
        0.9115679264068604,
        0.916711151599884,
        0.9205141067504883,
        0.9247221946716309,
        0.9275494813919067,
        0.9303237199783325,
        0.9334667921066284,
        0.9358306527137756,
        0.9372344017028809,
        0.9392179250717163,
        0.941070556640625,
        0.942337155342102,
        0.9444796442985535,
        0.9456174373626709,
        0.9467354416847229,
        0.947669506072998,
        0.948529839515686,
        0.9499335885047913,
        0.9509570598602295,
        0.9516833424568176,
        0.9524564146995544,
        0.9534279108047485,
        0.9541999101638794,
        0.9552337527275085
    ],
    "val_loss": [
        0.6186096668243408,
        0.49423274397850037,
        0.41406312584877014,
        0.3624520003795624,
        0.3297005295753479,
        0.2955886721611023,
        0.27361661195755005,
        0.26026585698127747,
        0.23944330215454102,
        0.24305222928524017,
        0.22182120382785797,
        0.2230580598115921,
        0.21115000545978546,
        0.20766964554786682,
        0.20515021681785583,
        0.19264031946659088,
        0.19024533033370972,
        0.18603917956352234,
        0.18855829536914825,
        0.1779891550540924,
        0.1766376495361328,
        0.17173948884010315,
        0.16719339787960052,
        0.17218250036239624,
        0.16376551985740662,
        0.16246536374092102,
        0.15852724015712738,
        0.15276437997817993,
        0.15214942395687103,
        0.15282376110553741
    ],
    "val_accuracy": [
        0.8462331295013428,
        0.8778002858161926,
        0.8959218263626099,
        0.9050989747047424,
        0.9089352488517761,
        0.9173558950424194,
        0.9211797118186951,
        0.923789918422699,
        0.9298123717308044,
        0.9273601770401001,
        0.9327965974807739,
        0.9322396516799927,
        0.9347376227378845,
        0.9352945685386658,
        0.9351033568382263,
        0.9394508600234985,
        0.9394965767860413,
        0.9400535225868225,
        0.9391058683395386,
        0.9417036175727844,
        0.9410635232925415,
        0.941932201385498,
        0.9432040452957153,
        0.9416162967681885,
        0.9443511366844177,
        0.9439188838005066,
        0.9447875618934631,
        0.9471026062965393,
        0.9467493295669556,
        0.9458266496658325
    ]
}