{
    "loss": [
        1.5378819704055786,
        1.123189091682434,
        0.8734444975852966,
        0.7431407570838928,
        0.6663489937782288,
        0.614824116230011,
        0.5744459629058838,
        0.545005738735199,
        0.5196278095245361,
        0.4968439042568207,
        0.4759489595890045,
        0.46061185002326965,
        0.44394704699516296,
        0.4290989637374878,
        0.41665586829185486,
        0.4059775173664093,
        0.3940787613391876,
        0.3844510316848755,
        0.3757118284702301,
        0.36811697483062744,
        0.35809507966041565,
        0.35134533047676086,
        0.3450500965118408,
        0.33772099018096924,
        0.3327842950820923,
        0.32586774230003357,
        0.3206052780151367,
        0.31485867500305176,
        0.30998143553733826,
        0.3055369257926941
    ],
    "accuracy": [
        0.2736208438873291,
        0.4684535562992096,
        0.5871974229812622,
        0.6746039986610413,
        0.7157372832298279,
        0.7370095252990723,
        0.7501264810562134,
        0.7608162760734558,
        0.7692709565162659,
        0.7780124545097351,
        0.7857609987258911,
        0.792055606842041,
        0.7977222800254822,
        0.8034035563468933,
        0.8082984089851379,
        0.8122076392173767,
        0.8165549039840698,
        0.8204370141029358,
        0.8232176899909973,
        0.8262017369270325,
        0.8288968801498413,
        0.832249104976654,
        0.8341901898384094,
        0.8370887041091919,
        0.8392164707183838,
        0.842049241065979,
        0.8441874384880066,
        0.8459991812705994,
        0.8475490808486938,
        0.8492627739906311
    ],
    "val_loss": [
        1.401526689529419,
        1.1448560953140259,
        0.9965424537658691,
        0.8789424896240234,
        0.7990867495536804,
        0.7492302656173706,
        0.7231977581977844,
        0.698684811592102,
        0.6853194236755371,
        0.6585623621940613,
        0.6454355716705322,
        0.6318110823631287,
        0.6087357997894287,
        0.5786962509155273,
        0.5737231373786926,
        0.5550230741500854,
        0.566128134727478,
        0.5431581735610962,
        0.5337108969688416,
        0.5124527215957642,
        0.5099709033966064,
        0.4967580735683441,
        0.4872675836086273,
        0.46857789158821106,
        0.4739266037940979,
        0.45230811834335327,
        0.45322051644325256,
        0.4396249055862427,
        0.43751659989356995,
        0.42299723625183105
    ],
    "val_accuracy": [
        0.41188913583755493,
        0.6936177611351013,
        0.7576111555099487,
        0.7887567281723022,
        0.8080448508262634,
        0.8159011602401733,
        0.8126551508903503,
        0.8164601922035217,
        0.8127886652946472,
        0.818567156791687,
        0.8200817108154297,
        0.8225683569908142,
        0.8284094333648682,
        0.8373171091079712,
        0.8345842957496643,
        0.8415268659591675,
        0.8371210098266602,
        0.8424447774887085,
        0.8451399803161621,
        0.8520742058753967,
        0.849016010761261,
        0.8543689250946045,
        0.8569682240486145,
        0.8643989562988281,
        0.861858069896698,
        0.868016242980957,
        0.8641319274902344,
        0.8700105547904968,
        0.8692678809165955,
        0.8739741444587708
    ]
}