{
  "loss": [
    0.9004794955253601, 0.5401490926742554, 0.4286781847476959, 0.3763689696788788, 0.3440152406692505, 0.3210901618003845, 0.3025314509868622,
    0.2875957787036896, 0.274779736995697, 0.26363569498062134, 0.2540424168109894, 0.24478289484977722, 0.2370920181274414, 0.23057836294174194,
    0.22290515899658203, 0.21673312783241272, 0.21165306866168976, 0.2057868391275406, 0.20180490612983704, 0.19684350490570068, 0.19315217435359955,
    0.18950079381465912, 0.18447506427764893, 0.18172144889831543, 0.17846761643886566, 0.17504510283470154, 0.17151015996932983, 0.16909290850162506,
    0.1656903475522995, 0.1629745215177536
  ],
  "accuracy": [
    0.5158518552780151, 0.7454667091369629, 0.8116192817687988, 0.8340277075767517, 0.8466590046882629, 0.8559331297874451, 0.8646247386932373,
    0.8713814616203308, 0.8753646016120911, 0.8806407451629639, 0.8841059803962708, 0.8872725367546082, 0.890510082244873, 0.8927467465400696,
    0.8962056040763855, 0.8980250954627991, 0.9000076055526733, 0.9017645716667175, 0.9033722281455994, 0.9051260352134705, 0.906565248966217,
    0.9082459807395935, 0.9099754095077515, 0.9109380841255188, 0.9118742942810059, 0.9136407971382141, 0.9148396253585815, 0.9156317710876465,
    0.9167681336402893, 0.9179606437683105
  ],
  "val_loss": [
    0.7596588730812073, 0.5773157477378845, 0.504345178604126, 0.4512231647968292, 0.41353878378868103, 0.3842839300632477, 0.37361302971839905,
    0.35105228424072266, 0.33141860365867615, 0.33448249101638794, 0.30367159843444824, 0.2941640317440033, 0.28661102056503296, 0.2854005694389343,
    0.27336856722831726, 0.2704962193965912, 0.25754690170288086, 0.25381407141685486, 0.24821628630161285, 0.24712872505187988, 0.23492063581943512,
    0.2294882982969284, 0.23796769976615906, 0.23794209957122803, 0.22293804585933685, 0.21907927095890045, 0.22048485279083252, 0.2180914580821991,
    0.2105768769979477, 0.2092335969209671
  ],
  "val_accuracy": [
    0.6853735685348511, 0.8534602522850037, 0.8666353225708008, 0.8799290060997009, 0.8872663378715515, 0.8938454389572144, 0.8957560062408447,
    0.8998695015907288, 0.9026188850402832, 0.8980817794799805, 0.9092530608177185, 0.9102528095245361, 0.9144976735115051, 0.9110111594200134,
    0.9144044518470764, 0.9139299988746643, 0.918810248374939, 0.9186492562294006, 0.9201574325561523, 0.9191110730171204, 0.923055112361908,
    0.9244403839111328, 0.9190051555633545, 0.9191957712173462, 0.9252749681472778, 0.9246522188186646, 0.9239743947982788, 0.9250504374504089,
    0.9271855354309082, 0.927515983581543
  ]
}
