{
  "loss": [
    0.9931374788284302, 0.5585973858833313, 0.41546571254730225, 0.3413016200065613, 0.2956676185131073, 0.26285624504089355, 0.23956671357154846,
    0.2213948518037796, 0.2085166871547699, 0.19696012139320374, 0.1866302192211151, 0.17759735882282257, 0.17055214941501617, 0.1624443233013153,
    0.15670806169509888, 0.1513579934835434, 0.14529788494110107, 0.14116418361663818, 0.13686752319335938, 0.1316869556903839, 0.12875321507453918,
    0.12432357668876648, 0.12118012458086014, 0.11734510958194733, 0.11505967378616333, 0.111946702003479, 0.10894054174423218, 0.10677562654018402,
    0.10412098467350006, 0.102569080889225
  ],
  "accuracy": [
    0.48972973227500916, 0.756797194480896, 0.8245919942855835, 0.8525768518447876, 0.8712850213050842, 0.8851967453956604, 0.8945142030715942,
    0.9009861946105957, 0.9066696166992188, 0.9114438891410828, 0.9149851202964783, 0.9183083176612854, 0.9210730195045471, 0.9240687489509583,
    0.9264429211616516, 0.9283800721168518, 0.9305500388145447, 0.9323322772979736, 0.934181272983551, 0.9362353682518005, 0.9371287822723389,
    0.9391114115715027, 0.940571665763855, 0.9421933889389038, 0.943081259727478, 0.9444320797920227, 0.945432186126709, 0.9462708830833435,
    0.9478230476379395, 0.9486004710197449
  ],
  "val_loss": [
    0.7724335789680481, 0.5379506945610046, 0.47715461254119873, 0.42609867453575134, 0.3821946978569031, 0.3350009322166443, 0.3358147144317627,
    0.30828022956848145, 0.2879294753074646, 0.26700422167778015, 0.25528684258461, 0.2505543529987335, 0.23578286170959473, 0.21792072057724,
    0.2142903208732605, 0.21058736741542816, 0.19219066202640533, 0.1934680938720703, 0.19513826072216034, 0.17753282189369202, 0.18368123471736908,
    0.17120592296123505, 0.17689575254917145, 0.1656164824962616, 0.15764614939689636, 0.1603512018918991, 0.1526506245136261, 0.15095318853855133,
    0.15085014700889587, 0.14038199186325073
  ],
  "val_accuracy": [
    0.7005373477935791, 0.8554288148880005, 0.8638902306556702, 0.8690078854560852, 0.8819338083267212, 0.8993761539459229, 0.8921542763710022,
    0.9004969000816345, 0.9087245464324951, 0.9150557518005371, 0.9179875254631042, 0.9166144132614136, 0.9229604601860046, 0.928367555141449,
    0.9287720918655396, 0.9288240671157837, 0.9352703094482422, 0.9349140524864197, 0.933025062084198, 0.9394676089286804, 0.9366397261619568,
    0.9418612718582153, 0.9390853643417358, 0.9440174698829651, 0.9470123648643494, 0.944711446762085, 0.9479957818984985, 0.9487009048461914,
    0.9489458799362183, 0.9532952904701233
  ]
}
