{
    "loss": [
        0.7530577182769775,
        0.3712158203125,
        0.3044497072696686,
        0.2701982259750366,
        0.24911469221115112,
        0.23133718967437744,
        0.21840819716453552,
        0.2069612294435501,
        0.19677820801734924,
        0.18778221309185028,
        0.1802101731300354,
        0.17215251922607422,
        0.16590756177902222,
        0.1604035496711731,
        0.15413162112236023,
        0.14915618300437927,
        0.1440761685371399,
        0.13990390300750732,
        0.13592460751533508,
        0.13157077133655548,
        0.12813502550125122,
        0.12414150685071945,
        0.12125188857316971,
        0.11772208660840988,
        0.11456691473722458,
        0.11122112721204758,
        0.10917631536722183,
        0.10661695897579193,
        0.10366838425397873,
        0.10161706805229187
    ],
    "accuracy": [
        0.5853043794631958,
        0.8537198305130005,
        0.8885987997055054,
        0.9027414917945862,
        0.910886287689209,
        0.9169250726699829,
        0.9220045208930969,
        0.9260374903678894,
        0.9293894171714783,
        0.9319083094596863,
        0.9341636896133423,
        0.9367715716362,
        0.9383849501609802,
        0.9403313994407654,
        0.9423409104347229,
        0.9431527256965637,
        0.9451603889465332,
        0.9458988308906555,
        0.9473044276237488,
        0.9485642910003662,
        0.9498909711837769,
        0.9509913325309753,
        0.9515461325645447,
        0.9527364373207092,
        0.9538052082061768,
        0.954889714717865,
        0.9554547667503357,
        0.9560549855232239,
        0.9572768807411194,
        0.9574958086013794
    ],
    "val_loss": [
        0.585274338722229,
        0.4656105041503906,
        0.4081423878669739,
        0.3703794479370117,
        0.36103591322898865,
        0.33227404952049255,
        0.3207073211669922,
        0.3077511489391327,
        0.30256718397140503,
        0.3024071753025055,
        0.2775943875312805,
        0.26072514057159424,
        0.2626984715461731,
        0.2631996273994446,
        0.2634173631668091,
        0.2575721740722656,
        0.2390131652355194,
        0.2416466921567917,
        0.23128387331962585,
        0.2114434391260147,
        0.22520601749420166,
        0.21133726835250854,
        0.20637670159339905,
        0.19502583146095276,
        0.1974237561225891,
        0.18445616960525513,
        0.1739109307527542,
        0.1743621677160263,
        0.16836799681186676,
        0.16279259324073792
    ],
    "val_accuracy": [
        0.8634411692619324,
        0.9056108593940735,
        0.918195366859436,
        0.9242110848426819,
        0.9184959530830383,
        0.9255545139312744,
        0.9280076026916504,
        0.9273656010627747,
        0.9256139397621155,
        0.9209415912628174,
        0.927436113357544,
        0.9335780143737793,
        0.9295217394828796,
        0.9260258674621582,
        0.9224780201911926,
        0.924752950668335,
        0.9314700961112976,
        0.9258551597595215,
        0.9307612776756287,
        0.9385027289390564,
        0.9305385947227478,
        0.935685932636261,
        0.9359679818153381,
        0.9398313164710999,
        0.9385064244270325,
        0.9424773454666138,
        0.9464296698570251,
        0.9454054236412048,
        0.9471051096916199,
        0.9487454295158386
    ]
}